{
    "mse": 0.5780656408384225,
    "mae": 0.59964276629908,
    "r2": 0.42521661835160707
}