{
    "mse": 0.5777539792336222,
    "mae": 0.5995016103523895,
    "r2": 0.4255265103404775
}